Namespace;Class;Name;Short description;Description;State
;CallbackRegistry;on_event;;;UNFINISHED
;Config;extend;;;UNFINISHED
;Control;create_branches;;;UNFINISHED
;Control;create_countries;;;UNFINISHED
;Control;create_skills;;;UNFINISHED
;Control;create_values;;;UNFINISHED
;Control;skill;;;UNFINISHED
;Control;update_branch;;;UNFINISHED
;CountryNode;get_country_name;;;UNFINISHED
;CountryNode;get_neighbours;;;UNFINISHED
;CountryOverlay;get_country_node;;;UNFINISHED
;CountryOverlay;get_country_presenter;;;UNFINISHED
;CountryOverlay;get_country_presenters;;;UNFINISHED
;CountryOverlay;get_current_country_id;;;UNFINISHED
;CountryOverlay;set_current_overlay_branch_name;;;UNFINISHED
;CountryPresenter;add_node;;;UNFINISHED
;CountryPresenter;add_node_to_bin;;;UNFINISHED
;CountryPresenter;add_node_to_bin_at;;;UNFINISHED
;CountryPresenter;clear_nodes;;;UNFINISHED
;CountryPresenter;make_boundaries;;;UNFINISHED
;CountryPresenter;remove_node_bin;;;UNFINISHED
;CountryPresenter;scatter_nodes_to_bin;;;UNFINISHED
;CountryPresenter;set_boundaries_enabled;;;UNFINISHED
;LuaLogger;debug;;;UNFINISHED
;LuaLogger;fatal;;;UNFINISHED
;LuaLogger;info;;;UNFINISHED
;LuaLogger;warn;;;UNFINISHED
;LuaSkill;activated;;;UNFINISHED
;LuaSkill;branch;;;UNFINISHED
;LuaSkill;name;;;UNFINISHED
;LuaSkill;update;;;UNFINISHED
;Simulation;add_skill_points;;;UNFINISHED
;Simulation;set_day;sets the day of the year;;FINISHED
;Simulation;set_interval;;;UNFINISHED
;Simulation;set_profiling_logs_enabled;;;UNFINISHED
;Simulation;set_skill_points;;;UNFINISHED
;Simulation;set_tick_update_mode;;;UNFINISHED
;Simulation;start;;;UNFINISHED
;Simulation;stop;;;UNFINISHED
;TextNode;set_text;;;UNFINISHED
;VisualOsgGeode;set_uniform_double;;;UNFINISHED
;VisualOsgGeode;set_uniform_float;;;UNFINISHED
;VisualOsgGeode;set_uniform_vec2d;;;UNFINISHED
;VisualOsgGeode;set_uniform_vec2f;;;UNFINISHED
;VisualOsgGeode;set_uniform_vec3d;;;UNFINISHED
;VisualOsgGeode;set_uniform_vec3f;;;UNFINISHED
;VisualOsgGeode;set_uniform_vec4d;;;UNFINISHED
;VisualOsgGeode;set_uniform_vec4f;;;UNFINISHED
;VisualOsgGroup;set_uniform_double;;;UNFINISHED
;VisualOsgGroup;set_uniform_float;;;UNFINISHED
;VisualOsgGroup;set_uniform_vec2d;;;UNFINISHED
;VisualOsgGroup;set_uniform_vec2f;;;UNFINISHED
;VisualOsgGroup;set_uniform_vec3d;;;UNFINISHED
;VisualOsgGroup;set_uniform_vec3f;;;UNFINISHED
;VisualOsgGroup;set_uniform_vec4d;;;UNFINISHED
;VisualOsgGroup;set_uniform_vec4f;;;UNFINISHED
;VisualOsgMatrixTransform;set_uniform_double;;;UNFINISHED
;VisualOsgMatrixTransform;set_uniform_float;;;UNFINISHED
;VisualOsgMatrixTransform;set_uniform_vec2d;;;UNFINISHED
;VisualOsgMatrixTransform;set_uniform_vec2f;;;UNFINISHED
;VisualOsgMatrixTransform;set_uniform_vec3d;;;UNFINISHED
;VisualOsgMatrixTransform;set_uniform_vec3f;;;UNFINISHED
;VisualOsgMatrixTransform;set_uniform_vec4d;;;UNFINISHED
;VisualOsgMatrixTransform;set_uniform_vec4f;;;UNFINISHED
;VisualOsgPositionAttitudeTransform;set_uniform_double;;;UNFINISHED
;VisualOsgPositionAttitudeTransform;set_uniform_float;;;UNFINISHED
;VisualOsgPositionAttitudeTransform;set_uniform_vec2d;;;UNFINISHED
;VisualOsgPositionAttitudeTransform;set_uniform_vec2f;;;UNFINISHED
;VisualOsgPositionAttitudeTransform;set_uniform_vec3d;;;UNFINISHED
;VisualOsgPositionAttitudeTransform;set_uniform_vec3f;;;UNFINISHED
;VisualOsgPositionAttitudeTransform;set_uniform_vec4d;;;UNFINISHED
;VisualOsgPositionAttitudeTransform;set_uniform_vec4f;;;UNFINISHED
;Visuals;bind_branch_value_to_visuals;;;DEPRECATED
;Visuals;bind_group_value_to_visuals;;;UNFINISHED
;Visuals;bind_value_to_visuals;;;UNFINISHED
;Visuals;create_text_node;;;UNFINISHED
;Visuals;get_model_prototype;;;UNFINISHED
;Visuals;register_model_prototype;;;UNFINISHED
;Visuals;unbind_branch_value;;;DEPRECATED
;Visuals;unbind_group_value;;;UNFINISHED
;Visuals;unbind_value;;;UNFINISHED
;Visuals;update_bindings;;;UNFINISHED
lua;;config;;;UNFINISHED
lua;;control;;;UNFINISHED
lua;;countries;;;UNFINISHED
lua;;log;;;UNFINISHED
lua;;simulation;;;UNFINISHED
lua;;visuals;;;UNFINISHED
